{
   "rgb_68.png": {
      "Time_per_steps": [
         2.4864654541015625,
         1.0366380214691162,
         0.5123319625854492,
         0.3809678554534912,
         0.2822239398956299,
         0.24254441261291504,
         0.2197275161743164,
         0.20732951164245605
      ],
      "Time_per_steps_detailes": [
         [
            0.6041278839111328,
            0.0009920597076416016,
            0,
            0.48111939430236816,
            0.848656177520752,
            0.5411369800567627,
            0.008928298950195312,
            0.0,
            0.001504659652709961
         ],
         [
            0.25844693183898926,
            0.0004951953887939453,
            0,
            0.19489669799804688,
            0.3452470302581787,
            0.23655986785888672,
            0.0,
            0.0,
            0.0009922981262207031
         ],
         [
            0.14777183532714844,
            0.00049591064453125,
            0,
            0.11705541610717773,
            0.19145655632019043,
            0.054559946060180664,
            0.0,
            0.0,
            0.0009922981262207031
         ],
         [
            0.12697649002075195,
            0.0,
            0,
            0.10217523574829102,
            0.13644075393676758,
            0.014383792877197266,
            0.0,
            0.0,
            0.0009915828704833984
         ],
         [
            0.11556887626647949,
            0.0004963874816894531,
            0,
            0.08878302574157715,
            0.07390356063842773,
            0.0019838809967041016,
            0.00049591064453125,
            0.0,
            0.0009922981262207031
         ],
         [
            0.11259198188781738,
            0.0004963874816894531,
            0,
            0.08283185958862305,
            0.0431520938873291,
            0.0019838809967041016,
            0.0,
            0.0,
            0.0014882087707519531
         ],
         [
            0.10416007041931152,
            0.0,
            0,
            0.07890605926513672,
            0.030709028244018555,
            0.004960298538208008,
            0.0,
            0.0,
            0.0009920597076416016
         ],
         [
            0.10961604118347168,
            0.00049591064453125,
            0,
            0.07737612724304199,
            0.01835322380065918,
            0.00049591064453125,
            0.0,
            0.0,
            0.0009922981262207031
         ]
      ],
      "Image_Labelled": true,
      "NB_labelled_plants": 193,
      "NB_RALs": 199,
      "TP": 189,
      "FN": 4,
      "FP": 10,
      "InterPlantDistance": 56,
      "RAL_Fuse_Factor": 0.5,
      "RALs_fill_factor": 1.5,
      "RALs_recorded_count": [
         925,
         375,
         232,
         209,
         200,
         199,
         198,
         199,
         199
      ]
   },
   "rgb_70.png": {
      "Time_per_steps": [
         2.6927835941314697,
         1.0907788276672363,
         0.5922257900238037,
         0.42008185386657715,
         0.3050384521484375,
         0.24185895919799805
      ],
      "Time_per_steps_detailes": [
         [
            0.640336275100708,
            0.0009918212890625,
            0,
            0.5148472785949707,
            0.8556003570556641,
            0.6735677719116211,
            0.006448268890380859,
            0.0,
            0.0009918212890625
         ],
         [
            0.2604358196258545,
            0.0004956722259521484,
            0,
            0.2088179588317871,
            0.37550950050354004,
            0.24452781677246094,
            0.0,
            0.0,
            0.0009920597076416016
         ],
         [
            0.16613101959228516,
            0.00049591064453125,
            0,
            0.13246631622314453,
            0.20282936096191406,
            0.08932065963745117,
            0.0,
            0.0,
            0.000982522964477539
         ],
         [
            0.13587307929992676,
            0.0,
            0,
            0.10167956352233887,
            0.14681696891784668,
            0.03471994400024414,
            0.0,
            0.0,
            0.0009922981262207031
         ],
         [
            0.11854290962219238,
            0.0,
            0,
            0.09126472473144531,
            0.08084702491760254,
            0.013392210006713867,
            0.0004961490631103516,
            0.0,
            0.0004954338073730469
         ],
         [
            0.10839605331420898,
            0.0004963874816894531,
            0,
            0.08237385749816895,
            0.0401761531829834,
            0.009423971176147461,
            0.0,
            0.0,
            0.0009925365447998047
         ]
      ],
      "Image_Labelled": true,
      "NB_labelled_plants": 184,
      "NB_RALs": 194,
      "TP": 183,
      "FN": 1,
      "FP": 11,
      "InterPlantDistance": 49,
      "RAL_Fuse_Factor": 0.5,
      "RALs_fill_factor": 1.5,
      "RALs_recorded_count": [
         982,
         400,
         257,
         209,
         198,
         194,
         194
      ]
   },
   "rgb_72.png": {
      "Time_per_steps": [
         2.476527452468872,
         0.9548001289367676,
         0.5421280860900879,
         0.36406373977661133,
         0.29264068603515625,
         0.24155139923095703
      ],
      "Time_per_steps_detailes": [
         [
            0.5842878818511963,
            0.0009918212890625,
            0,
            0.48111987113952637,
            0.781200647354126,
            0.6229751110076904,
            0.004960060119628906,
            0.0,
            0.0009920597076416016
         ],
         [
            0.24056005477905273,
            0.0004956722259521484,
            0,
            0.19344019889831543,
            0.2941277027130127,
            0.22518396377563477,
            0.0,
            0.0,
            0.0009925365447998047
         ],
         [
            0.14830422401428223,
            0.0004956722259521484,
            0,
            0.11705565452575684,
            0.18996858596801758,
            0.08481597900390625,
            0.0004956722259521484,
            0.0,
            0.0009922981262207031
         ],
         [
            0.12796783447265625,
            0.0004961490631103516,
            0,
            0.09969520568847656,
            0.10366463661193848,
            0.031247854232788086,
            0.0,
            0.0,
            0.0009920597076416016
         ],
         [
            0.12598490715026855,
            0.0004956722259521484,
            0,
            0.09523129463195801,
            0.06398415565490723,
            0.005952119827270508,
            0.0,
            0.0,
            0.0009925365447998047
         ],
         [
            0.11014842987060547,
            0.0,
            0,
            0.08676362037658691,
            0.04265570640563965,
            0.0009918212890625,
            0.0,
            0.0,
            0.0009918212890625
         ]
      ],
      "Image_Labelled": true,
      "NB_labelled_plants": 191,
      "NB_RALs": 197,
      "TP": 190,
      "FN": 1,
      "FP": 7,
      "InterPlantDistance": 56,
      "RAL_Fuse_Factor": 0.5,
      "RALs_fill_factor": 1.5,
      "RALs_recorded_count": [
         893,
         359,
         229,
         207,
         201,
         197,
         197
      ]
   },
   "rgb_74.png": {
      "Time_per_steps": [
         2.859936237335205,
         1.1715500354766846,
         0.7082879543304443,
         0.49550414085388184,
         0.35463976860046387,
         0.3122687339782715,
         0.24752259254455566,
         0.20929360389709473
      ],