{
   "rgb_68.png": {
      "Time_per_steps": [
         1.5114996433258057,
         0.9670004844665527,
         0.7429993152618408,
         0.4749906063079834,
         0.39600086212158203,
         0.3784959316253662,
         0.34150028228759766,
         0.3084981441497803
      ],
      "Time_per_steps_detailes": [
         [
            0.28150010108947754,
            0.0010013580322265625,
            0,
            0.2599985599517822,
            0.456500768661499,
            0.4959986209869385,
            0.015500307083129883,
            0.0,
            0.0009999275207519531
         ],
         [
            0.2670011520385742,
            0.0009996891021728516,
            0,
            0.2219994068145752,
            0.3334996700286865,
            0.1419999599456787,
            0.0,
            0.0,
            0.0015006065368652344
         ],
         [
            0.20549821853637695,
            0.0010004043579101562,
            0,
            0.18399953842163086,
            0.22950053215026855,
            0.12149953842163086,
            0.0005011558532714844,
            0.0,
            0.0009999275207519531
         ],
         [
            0.17599081993103027,
            0.0005004405975341797,
            0,
            0.14699935913085938,
            0.1425001621246338,
            0.0074999332427978516,
            0.0,
            0.0,
            0.0014998912811279297
         ],
         [
            0.1640019416809082,
            0.0005049705505371094,
            0,
            0.13749384880065918,
            0.09000039100646973,
            0.002999544143676758,
            0.0,
            0.0,
            0.0010001659393310547
         ],
         [
            0.18649649620056152,
            0.0005002021789550781,
            0,
            0.13499951362609863,
            0.052500247955322266,
            0.002999544143676758,
            0.0,
            0.0,
            0.0009999275207519531
         ],
         [
            0.15050077438354492,
            0.0004999637603759766,
            0,
            0.13299870491027832,
            0.05449986457824707,
            0.0010004043579101562,
            0.0004999637603759766,
            0.0,
            0.0015006065368652344
         ],
         [
            0.14949989318847656,
            0.000499725341796875,
            0,
            0.13151335716247559,
            0.02450108528137207,
            0.0009856224060058594,
            0.0,
            0.0,
            0.0014984607696533203
         ]
      ],
      "Image_Labelled": true,
      "NB_labelled_plants": 193,
      "NB_RALs": 200,
      "TP": 193,
      "FN": 0,
      "FP": 7,
      "InterPlantDistance": 46,
      "RAL_Fuse_Factor": 0.5,
      "RALs_fill_factor": 1.5,
      "RALs_recorded_count": [
         321,
         294,
         242,
         205,
         202,
         201,
         200,
         200,
         200
      ]
   },
   "rgb_70.png": {
      "Time_per_steps": [
         1.535499095916748,
         1.1445367336273193,
         0.6679868698120117,
         0.49050474166870117,
         0.36299991607666016,
         0.3294999599456787,
         0.28053712844848633,
         0.2664661407470703
      ],
      "Time_per_steps_detailes": [
         [
            0.26000070571899414,
            0.0004987716674804688,
            0,
            0.23450303077697754,
            0.4279971122741699,
            0.5995011329650879,
            0.011500120162963867,
            0.0,
            0.0014982223510742188
         ],
         [
            0.2870008945465088,
            0.0009999275207519531,
            0,
            0.26200008392333984,
            0.4309988021850586,
            0.16250205039978027,
            0.0,
            0.0,
            0.0010349750518798828
         ],
         [
            0.19548654556274414,
            0.0005004405975341797,
            0,
            0.1725006103515625,
            0.23999905586242676,
            0.05800056457519531,
            0.0005006790161132812,
            0.0,
            0.0009989738464355469
         ],
         [
            0.16200542449951172,
            0.0005004405975341797,
            0,
            0.14249777793884277,
            0.1725010871887207,
            0.01200103759765625,
            0.0,
            0.0,
            0.0009989738464355469
         ],
         [
            0.14949941635131836,
            0.0004999637603759766,
            0,
            0.12903928756713867,
            0.07446146011352539,
            0.008499622344970703,
            0.0,
            0.0,
            0.0010001659393310547
         ],
         [
            0.15249991416931152,
            0.0004999637603759766,
            0,
            0.13049960136413574,
            0.04200243949890137,
            0.002997875213623047,
            0.0,
            0.0,
            0.0010001659393310547
         ],
         [
            0.1380000114440918,
            0.0005006790161132812,
            0,
            0.11799883842468262,
            0.022036075592041016,
            0.0004677772521972656,
            0.0,
            0.0,
            0.0015337467193603516
         ],
         [
            0.13646507263183594,
            0.0005002021789550781,
            0,
            0.11499977111816406,
            0.012000083923339844,
            0.0015006065368652344,
            0.0,
            0.0,
            0.0010004043579101562
         ]
      ],
      "Image_Labelled": true,
      "NB_labelled_plants": 184,
      "NB_RALs": 190,
      "TP": 184,
      "FN": 0,
      "FP": 6,
      "InterPlantDistance": 47,
      "RAL_Fuse_Factor": 0.5,
      "RALs_fill_factor": 1.5,
      "RALs_recorded_count": [
         271,
         316,
         234,
         200,
         194,
         191,
         190,
         190,
         190
      ]
   },
   "rgb_72.png": {
      "Time_per_steps": [
         1.2619993686676025,
         0.9464988708496094,
         0.690000057220459,
         0.46000027656555176,
         0.3875000476837158,
         0.38300013542175293,
         0.30649828910827637,
         0.28450489044189453,
         0.27854299545288086
      ],