{
   "rgb_68.png": {
      "Time_per_steps": [
         3.1174941062927246,
         1.4074995517730713,
         0.9114992618560791,
         0.6710011959075928,
         0.5209989547729492,
         0.4204990863800049,
         0.394500732421875,
         0.3439979553222656,
         0.32849931716918945,
         0.32047152519226074,
         0.5664920806884766,
         0.3450033664703369,
         0.3065030574798584,
         0.2984898090362549,
         0.25749850273132324,
         0.21597051620483398,
         0.1874997615814209,
         0.17550015449523926,
         0.15200138092041016,
         0.14850068092346191,
         0.13799691200256348,
         0.12050032615661621,
         0.10700058937072754,
         0.10949897766113281
      ],
      "Time_per_steps_detailes": [
         [
            0.6589922904968262,
            0.00150299072265625,
            0,
            0.5959968566894531,
            0.9179997444152832,
            0.9305002689361572,
            0.009999752044677734,
            0.0,
            0.0025022029876708984
         ],
         [
            0.34399890899658203,
            0.0005002021789550781,
            0,
            0.314500093460083,
            0.46849989891052246,
            0.2779998779296875,
            0.0004999637603759766,
            0.0,
            0.0015006065368652344
         ],
         [
            0.23599886894226074,
            0.0005009174346923828,
            0,
            0.20499944686889648,
            0.27900004386901855,
            0.18850088119506836,
            0.0009989738464355469,
            0.0,
            0.0015001296997070312
         ],
         [
            0.21900010108947754,
            0.0005002021789550781,
            0,
            0.17999935150146484,
            0.22300052642822266,
            0.04649972915649414,
            0.0,
            0.0,
            0.0020012855529785156
         ],
         [
            0.19649887084960938,
            0.0005011558532714844,
            0,
            0.15899872779846191,
            0.1380002498626709,
            0.02500009536743164,
            0.0,
            0.0,
            0.0019998550415039062
         ],
         [
            0.17499995231628418,
            0.000499725341796875,
            0,
            0.1444997787475586,
            0.09100103378295898,
            0.007998228073120117,
            0.0,
            0.0,
            0.0015003681182861328
         ],
         [
            0.1659986972808838,
            0.0005002021789550781,
            0,
            0.14699983596801758,
            0.05600142478942871,
            0.022501230239868164,
            0.0004980564117431641,
            0.0,
            0.0020012855529785156
         ],
         [
            0.16499781608581543,
            0.0010006427764892578,
            0,
            0.13399910926818848,
            0.03900003433227539,
            0.0034999847412109375,
            0.0,
            0.0,
            0.0015003681182861328
         ],
         [
            0.15899920463562012,
            0.0005002021789550781,
            0,
            0.13100099563598633,
            0.03249931335449219,
            0.004000186920166016,
            0.0,
            0.0,
            0.0014994144439697266
         ],
         [
            0.16497087478637695,
            0.0004999637603759766,
            0,
            0.13049983978271484,
            0.02200007438659668,
            0.0005016326904296875,
            0.0004985332489013672,
            0.0,
            0.0015006065368652344
         ],
         [
            0.15949106216430664,
            0.0005002021789550781,
            0,
            0.1340017318725586,
            0.02599787712097168,
            0.24499988555908203,
            0.0,
            0.0,
            0.001501321792602539
         ],
         [
            0.10700607299804688,
            0.0,
            0,
            0.09202051162719727,
            0.1324779987335205,
            0.011998891830444336,
            0.0,
            0.0,
            0.0014998912811279297
         ],
         [
            0.09199929237365723,
            0.0004999637603759766,
            0,
            0.0825035572052002,
            0.12403225898742676,
            0.005464076995849609,
            0.0,
            0.0,
            0.002003908157348633
         ],
         [
            0.10148835182189941,
            0.0010004043579101562,
            0,
            0.08799982070922852,
            0.09800124168395996,
            0.008000850677490234,
            0.0,
            0.0004987716674804688,
            0.0015003681182861328
         ],
         [
            0.08150076866149902,
            0.0004994869232177734,
            0,
            0.06850028038024902,
            0.07450079917907715,
            0.030997037887573242,
            0.0,
            0.0,
            0.0015001296997070312
         ],
         [
            0.07797098159790039,
            0.0005004405975341797,
            0,
            0.06099987030029297,
            0.05149984359741211,
            0.023499250411987305,
            0.0,
            0.0,
            0.0015001296997070312
         ],
         [
            0.0735023021697998,
            0.0005006790161132812,
            0,
            0.06049823760986328,
            0.04399895668029785,
            0.0074999332427978516,
            0.0,
            0.0,
            0.0014996528625488281
         ],
         [
            0.06899785995483398,
            0.0,
            0,
            0.05749964714050293,
            0.031501054763793945,
            0.01600170135498047,
            0.0,
            0.0,
            0.0014998912811279297
         ],
         [
            0.06450223922729492,
            0.000499725341796875,
            0,
            0.05499672889709473,
            0.030001401901245117,
            0.0005004405975341797,
            0.0,
            0.0,
            0.001500844955444336
         ],
         [
            0.06400084495544434,
            0.0,
            0,
            0.05349850654602051,
            0.02100062370300293,
            0.008499860763549805,
            0.0,
            0.0,
            0.001500844955444336
         ],
         [
            0.05699896812438965,
            0.0005013942718505859,
            0,
            0.05799674987792969,
            0.01699972152709961,
            0.003501415252685547,
            0.0004994869232177734,
            0.0,
            0.001499176025390625
         ],
         [
            0.05650472640991211,
            0.0004990100860595703,
            0,
            0.04499626159667969,
            0.013499975204467773,
            0.0035009384155273438,
            0.0,
            0.0,
            0.0014994144439697266
         ],
         [
            0.05349993705749512,
            0.0005006790161132812,
            0,
            0.042999267578125,
            0.00800013542175293,
            0.0005006790161132812,
            0.0,
            0.0,
            0.0014998912811279297
         ],
         [
            0.052500009536743164,
            0.0005004405975341797,
            0,
            0.04799818992614746,
            0.006500244140625,
            0.0,
            0.0005004405975341797,
            0.0,
            0.0014996528625488281
         ]
      ],
      "Image_Labelled": true,
      "NB_labelled_plants": 193,
      "NB_RALs": 70,
      "TP": 61,
      "FN": 132,
      "FP": 9,
      "InterPlantDistance": 177,
      "RAL_Fuse_Factor": 0.5,
      "RALs_fill_factor": 1.5,